{
  "version": 1,
  "initialViewState": {
    "center": [172.6207487, -43.52872608],
    "zoom": 8
  },
  "cameraBounds": [166.0, -47.5, 179.0, -34.0],
  "minZoom": 5,
  "maxZoom": 14
}
